{"accuracy": [0.6111956834793091, 0.8666903972625732, 0.9204779863357544, 0.9423714280128479, 0.9576357007026672, 0.9668539762496948, 0.9720321297645569, 0.977110743522644, 0.9805676341056824, 0.9815065264701843], "loss": [1.3154075145721436, 0.4157852828502655, 0.24814200401306152, 0.1763225495815277, 0.13031138479709625, 0.10164990276098251, 0.08535123616456985, 0.07083120942115784, 0.06060875207185745, 0.055654123425483704], "val_accuracy": [0.8590940237045288, 0.919474184513092, 0.9293193817138672, 0.9512861371040344, 0.9427498579025269, 0.9563510417938232, 0.9681311249732971, 0.965228796005249, 0.9666514992713928, 0.9606760740280151], "val_loss": [0.4486682116985321, 0.25435304641723633, 0.21136610209941864, 0.15825921297073364, 0.18409205973148346, 0.13740584254264832, 0.09786158055067062, 0.11942145973443985, 0.1105007603764534, 0.13663941621780396]}